# role	owner	repository	ref	sha256
runtime	tree-sitter	tree-sitter	v0.26.11	1bab01ed21464f3272665b9c60e39ee79f68da1333e80b23f2c9356569d06971
c	tree-sitter	tree-sitter-c	v0.24.2	2eeb4db31f8fa0865e45488503d13403923bcb485a1bdb637abff8c42dd97364
cpp	tree-sitter	tree-sitter-cpp	8b5b49eb196bec7040441bee33b2c9a4838d6967	a12b464b8c89d7c1843849bfebb0b5807980555351d60598b92939233abff842
rust	tree-sitter	tree-sitter-rust	v0.24.2	061e90a539a55a6aa65dceb0ad6425c50ab1a6e3e6d4ba430e2795ed4550f10e
go	tree-sitter	tree-sitter-go	v0.25.0	2dc241b97872c53195e01b86542b411a3c1a6201d9c946c78d5c60c063bba1ef
python	tree-sitter	tree-sitter-python	v0.25.0	4609a3665a620e117acf795ff01b9e965880f81745f287a16336f4ca86cf270c
javascript	tree-sitter	tree-sitter-javascript	v0.25.0	9712fc283d3dc01d996d20b6392143445d05867a7aad76fdd723824468428b86
typescript	tree-sitter	tree-sitter-typescript	v0.23.2	2c4ce711ae8d1218a3b2f899189298159d672870b5b34dff5d937bed2f3e8983
typescript-base	tree-sitter	tree-sitter-javascript	v0.23.1	fc5b8f5a491a6db33ca4854b044b89363ff7615f4291977467f52c1b92a0c032
bash	tree-sitter	tree-sitter-bash	v0.25.1	2e785a761225b6c433410ef9c7b63cfb0a4e83a35a19e0f2aec140b42c06b52d
json	tree-sitter	tree-sitter-json	v0.24.8	acf6e8362457e819ed8b613f2ad9a0e1b621a77556c296f3abea58f7880a9213
toml	tree-sitter-grammars	tree-sitter-toml	v0.7.0	7d52a7d4884f307aabc872867c69084d94456d8afcdc63b0a73031a8b29036dc
yaml	tree-sitter-grammars	tree-sitter-yaml	v0.7.2	aeaff5731bb8b66c7054c8aed33cd5edea5f4cd2ac71654f3f6c2ba2073d8fac
csharp	tree-sitter	tree-sitter-c-sharp	v0.23.5	9628b164369071019368618bdefa446f0aab8acaac47b75d5dfb209e93b8903b
ini	justinmk	tree-sitter-ini	v1.4.0	300adc8b5db7604dff2b156a3962c1fbc955d89dc8be6da90e6dfe2adc950d9b
properties	tree-sitter-grammars	tree-sitter-properties	v0.3.0	afda73133465ed29229eb54da657ea931fc806921ce5c6f193210314bf742bed
gitattributes	tree-sitter-grammars	tree-sitter-gitattributes	1b7af09d45b579f9f288453b95ad555f1f431645	397b8dab3f4338a6916e963f2f2b51a8a3c2b4e1681bf391686c27cd4ccea056
requirements	tree-sitter-grammars	tree-sitter-requirements	v0.6.1	bf4f989bcee2a0bbc892aed01e5864e9de25db7e314eb211d0d449ef801b4d18
xml	tree-sitter-grammars	tree-sitter-xml	5000ae8f22d11fbe93939b05c1e37cf21117162d	1b7611ba3f2af55768acfbfbaf2fd2eb404ba61b14a85056d4f8d8326fc55146
dockerfile	camdencheek	tree-sitter-dockerfile	971acdd908568b4531b0ba28a445bf0bb720aba5	0263fd719ce93ea663847a49b501052c2b93853e33ffc5e8ddca3a739d7db246
cmake	uyha	tree-sitter-cmake	v0.7.5	b1c664921d06a6609f2b4fdfbd6685baea35066873ae5b75e11be55317d281f9
nix	nix-community	tree-sitter-nix	v0.3.0	5805dfb3b1ab30fadf7b3436abaadb1e204d44f101b840ac8ab9c6edb5bf4924
hcl	tree-sitter-grammars	tree-sitter-hcl	v1.2.0	a95bc6b00271e08dee9e63b895b2563dac802db0015fdf5a24a1b0244f2cb560
make	tree-sitter-grammars	tree-sitter-make	v1.1.1	31affca06041623cfa5f6a728cb3f0f2a8eb7fd01607e1a2681ea1f318367211
nvim-treesitter	nvim-treesitter	nvim-treesitter	e289100ff98969e118c702199d88b764ce9e7fdf	f4b626bb41f5408c02dcbd7f40c0236d83248a0822fa872d7c16c0752672cb16
